Sheet,Name,Sizes,SKU,Price
Yeezys,360 Cinder,9.5,FY2903,
Yeezys,350 Dazzling Blue,8,GY7164,
Yeezys,350 Beluga Reflective,"5.5, 6, 8",GW1229,
Yeezys,350 Carbon,7,FZ5000,
Yeezys,350 Onyx,6,HQ4540,
Yeezys,350 Light,"6.5, 12.5,12.5,12.5",GY3438,
Yeezys,350 Carbon Beluga,8,HQ7045,
Yeezys,350 Natural,7.5,FZ5246,
Yeezys,360 Zyon,8,FZ1267,
Yeezys,350 Infant Black,6k,BB6372,
Yeezys,450 Dark Slate,11.5,GY5368,
Yeezys,Slide Onyx,6,HQ6448,
Yeezys,Slide Resin,10,GZ5551,
Yeezys,Slide Core,"4, 10",GW5350,
Yeezys,Slide Pure,"12, 14",GW1934,
Yeezys,Slide Ochre,"13, 14, 14",GW1931,
Yeezys,700 Alvah,"6, 6, 6.5",H67799,
Yeezys,700 Clay Brown,"10, 10, 10.5, 10.5",GY0189,
Yeezys,700 Wave Runner,"7, 11",B75571,
Yeezys,700 MNVN Bone,"7.5, 4.5",FY3729,
Yeezys,700 Tephra,6,FU7914,
Yeezys,700 Dark Glow,11,GX6144,
Yeezys,700 Arzareth,6,G54850,
Yeezys,Foam  MX Cinder,7,ID4126,
Yeezys,Foam MTX Moon Grey,5,GV7904,
Yeezys,Foam Kids MX Sand Grey,13k,GY3970,
Yeezys,Foam Onyx,8,HP8739,
Yeezys,Desert Boot  Taupe Blue,5.5,GY0374,
Yeezys,500 High Slate,6,FW4968,
Yeezys,450 Cloud White,12,H68038,
Yeezys,350 Mono Ice,"6, 8",GW2869,
Yeezys,350 Israfil,"6, 6,",FZ5421,
Yeezys,350 Asriel,"5.5, 8, 13",FZ5000,
Yeezys,350 Bone,6,HQ6316,
Sheet2,WMNS Air Jordan 1 Low,6,DC0774-114,
Sheet2,Jordan 5 RetroRaging Bull Red (2021) (GS),"3.5, 3.5, 4, 4, 4.5, 6.5",440888-600,
Sheet2,Air Jordan 1 Retro High OG,8,555088-404,
Sheet2,Hyper Royal/Light Smoke Grey-White,4.5,575441-402,
Sheet2,Jordan 6  UNC University Blue White,8,CT8529-410,
Sheet2,Jordan 1 Lucky Green/White-Sail-Black,"7, 12",DB4612-300,
Sheet2,Jordan 1 Mid Black/Medium Grey-White,7Y,554725-073,
Sheet2,WMNS Travis Scott Air Force 1 White/White,"9, 9.5 W",DD8959-100,
Sheet2,Jordan 11 Retro Jubilee 25th Anniversary,"7.5, 7.5, 8, 9, 11, 12, 13, 13",CT8012-011,
Sheet2,Air Max 97 Undefeated Militia Green/Orange Blaze/White/Black,9.5,DC4830-300,
Sheet2,Air Max 97 Undefeated Black/Volt/Militia Green,9.5,DC4830-001,
Sheet2,WMNS Jordan 1 High OG Black/Metalic,5W,CD0461-001,
Sheet2,WMNS Jordan 3 Retro SP A Ma Maniere,5.5W,DH3434-110,
Sheet2,Jordan 5 Retro A Ma Maniére Dusk,8,FD1330-001,
Sheet2,Jordan 6 Retro Hare,"8, 10",CT8529-062,
Sheet2,Air Max 90 St Patrick's Day (2021),11.5,DD8555-300,
Sheet2,Jordan 5 Bel-Air White/Court Purple-Racer Pink-Ghost Green,7.5,DB3335-100,
Sheet2,Adidas Forum Buckle Low Bad Bunny Last Forum,11,HQ2153,
Sheet2,Adidas Forum 84 Bape Low Green Camo,7,ID4771,
Sheet2,Jordan 5 Retro (PS) Travis Scott British Khaki,2.5Y,DH0693-200,
Sheet2,WMNS Converse Chuck 70 High White,6.5 W,171839C,
Sheet2,Air Jordan 6 Retro Travis Scott British Khaki,"8, 13",DH0690-200,
Sheet2,Air Jordan 1 Mid SE Red Black Toe,10,852542-100,
Sheet2,Jordan 1 Retro High OG Patent Bred,8,555088-063,
Sheet2,Nike Air Trainer 3 Viotech,"7.5,",CZ6393-500,
Sheet2,Jordan 1 Retro High Light Smoke Grey,10.5,555088-126,
Sheet2,Jordan 4 Retro (GS) White Cement,"6.5, 6.5, 6.5, 6.5, 6.5",DJ4699-100,
Sheet2,Jordan 4 White Cement,"8, 8, 8",CT8527-100,
Sheet2,Jordan 6 Carmine,"10, 10.5",CT8529-106,
Sheet2,Air Force 1 '07 Skeleton OS,5.5,BQ7541-001,
Sheet2,Nike Dunk Low University Blue,10,DD1391-102,
Sheet2,Jordan 4 University Blue,"8, 10.5",CT8527-400,
Sheet2,Nike Blazer Low / Sacai,8,DD1877-002,
Sheet2,Jordan 4 Tour Yellow,8,CT8527-700,
Sheet2,Jordan 14 Low CLOT Terra Blush,"6.5, 10.5",DC9857-200,
Sheet2,Nike Lebron VII Media Day,9,CW2300-500,
Sheet2,Air Max 90,11,CW6018-001,
Sheet2,Jordan 1 Mid  Black/Red/White,12,554724-066,
Sheet2,Nike Dunk High (PS) Black/Yellow,2y,DC9053-002,
Sheet2,Adidas Forum Powerphase Bad Bunny Benito,8,GZ2009,
Sheet2,Jordan 5 Sail Off White,2y,CV4827-100,
Sheet2,Jordan 4 White/Black/Grey Army,"8, 8",DH6927-111,
Sheet2,Jordan 1 Spider Man,12,DV1748-601,
Sheet2,Jordan 4 Craft Photon Dust / Patch Works,"10, 12.5",DV3742-021,
Sheet2,Nike Air Max 1 Clot,4.5,DD1870-100,
